gene	n_snps	auc_gene_only	sd_gene_only	auc_pcs	auc_pcs_plus_gene	sd_pcs_plus_gene	delta_auc	balacc_gene_only	balacc_pcs	balacc_pcs_plus_gene
OsMADS14	32	0.7974591503267975	0.10540907930210044	0.9722058823529413	0.9682679738562091	0.024025087187929815	-0.003937908496732145	0.7585947712418301	0.8923529411764706	0.8874346405228758
osFTL6	11	0.777892156862745	0.058699319660308016	0.9722058823529413	0.96609477124183	0.020658790816562283	-0.006111111111111289	0.7775980392156862	0.8923529411764706	0.8854820261437908
OsFKF1	45	0.6008088235294118	0.09760803671757537	0.9722058823529413	0.9659477124183006	0.02526264276016362	-0.006258169934640678	0.5627287581699346	0.8923529411764706	0.8689542483660131
osFTL8	21	0.6465441176470589	0.09185074445019684	0.9722058823529413	0.9651960784313726	0.013064744776235732	-0.007009803921568691	0.6659150326797385	0.8923529411764706	0.8975245098039215
OsLHY	53	0.6672957516339868	0.10697864035839151	0.9722058823529413	0.964607843137255	0.03768118403884675	-0.0075980392156862475	0.6378022875816993	0.8923529411764706	0.8867320261437908
Hd6	18	0.6939379084967321	0.1138620597425248	0.9722058823529413	0.9638725490196077	0.02598606424702713	-0.008333333333333526	0.6984313725490194	0.8923529411764706	0.9125163398692809
Ghd7	8	0.6152859477124183	0.09311788655968788	0.9722058823529413	0.9637254901960786	0.02321383094438222	-0.008480392156862693	0.5649428104575164	0.8923529411764706	0.8872794117647058
osFTL10	6	0.5925816993464051	0.10557685594188178	0.9722058823529413	0.9635457516339868	0.02873431868912901	-0.00866013071895444	0.578937908496732	0.8923529411764706	0.8829820261437908
osFTL13	12	0.6070751633986928	0.1032009133732916	0.9722058823529413	0.9623692810457516	0.02003227990090268	-0.009836601307189663	0.576813725490196	0.8923529411764706	0.8785866013071896
osFTL12	5	0.5715032679738562	0.1048798143605005	0.9722058823529413	0.9620424836601306	0.020457137856967834	-0.010163398692810688	0.5267810457516339	0.8923529411764706	0.8738888888888888
osFTL1	18	0.6143218954248365	0.12436770750170553	0.9722058823529413	0.9615032679738563	0.023728640925850784	-0.01070261437908493	0.6298366013071895	0.8923529411764706	0.8787418300653596
Hd1	5	0.4822549019607844	0.07468909654080778	0.9722058823529413	0.9612581699346405	0.02455705684660009	-0.010947712418300726	0.4997140522875817	0.8923529411764706	0.8767238562091503
OsMADS15	30	0.7185212418300655	0.08425784187546201	0.9722058823529413	0.9606372549019606	0.023587460167605132	-0.01156862745098064	0.6640441176470588	0.8923529411764706	0.8843627450980392
Hd2/OsPRR37	35	0.6013643790849673	0.08594968343126284	0.9722058823529413	0.9582679738562092	0.02451625187515899	-0.013937908496732043	0.5855473856209151	0.8923529411764706	0.8892075163398693
SE5	5	0.7004575163398692	0.0922298432230452	0.9722058823529413	0.9573529411764706	0.025233065008796195	-0.014852941176470624	0.6854493464052288	0.8923529411764706	0.8960130718954247
Ehd1	18	0.5680882352941177	0.07530920338813699	0.9722058823529413	0.9548692810457515	0.03677471178291164	-0.017336601307189725	0.5121732026143792	0.8923529411764706	0.8948366013071896
osFTL9	6	0.8191584967320261	0.07825078781664381	0.9722058823529413	0.9541176470588235	0.036119745810588216	-0.018088235294117738	0.7800163398692809	0.8923529411764706	0.8635784313725491
osFTL7	23	0.6618300653594771	0.10592834170312991	0.9722058823529413	0.9531209150326796	0.02878931950857244	-0.01908496732026166	0.6849346405228758	0.8923529411764706	0.8654901960784315
osFTL3(RFT1)	17	0.7030392156862745	0.11479309002204695	0.9722058823529413	0.9526960784313726	0.04673745340759787	-0.019509803921568647	0.7034558823529412	0.8923529411764706	0.8801225490196078
Hd3a	16	0.7747794117647058	0.07422748065797882	0.9722058823529413	0.9519607843137255	0.05284691135709465	-0.020245098039215703	0.7272630718954248	0.8923529411764706	0.8800490196078431
OsGI	15	0.5608660130718954	0.10323893224776574	0.9722058823529413	0.9505228758169936	0.03720422105992784	-0.02168300653594768	0.6056127450980392	0.8923529411764706	0.8647957516339869
osFTL4	16	0.6535130718954248	0.10326660034144905	0.9722058823529413	0.9494771241830066	0.040463653224357965	-0.022728758169934693	0.6226960784313725	0.8923529411764706	0.8600735294117646
OsPRRs(row9)	16	0.8238807189542484	0.0930216846894392	0.9722058823529413	0.9456209150326798	0.034947905550315815	-0.0265849673202615	0.7470343137254902	0.8923529411764706	0.8678349673202613
osFTL11	4	0.7329820261437908	0.08099124758435707	0.9722058823529413	0.9431045751633985	0.03616624750015621	-0.029101307189542736	0.725032679738562	0.8923529411764706	0.8530800653594771
ALL genes	511	0.9351797385620914	0.049292638327228966	0.9722058823529413	0.9368137254901961	0.048930572736819625	-0.035392156862745106	0.855547385620915	0.8923529411764706	0.8675490196078431
OsMADS50/DTH3	76	0.6740686274509804	0.09573168248940654	0.9722058823529413	0.9318300653594771	0.04029431642843324	-0.04037581699346415	0.5975326797385621	0.8923529411764706	0.8496568627450981
