gene	chr	pos	ref	alt	impact	effect	lab_site	n_called	carriers	carriers_PS	carriers_NPS	noncarriers_PS	noncarriers_NPS	pct_PS_carriers	pct_PS_noncarriers	carrier_mean_PC1	noncarrier_mean_PC1	fisher_p	cmh_p_PC1_strata	cmh_pooled_OR
Ghd7	7	9152733	T	G	HIGH	splice_acceptor&intron	False	237	1	0	1	162	74	0.0	68.6	-0.01	0.01	0.31645569620253167		
Ghd7	7	9154624	C	CCGT	MODERATE	conservative_inframe_insertion	False	219	1	0	1	151	67	0.0	69.3	-0.09	0.01	0.31050228310502276		
Hd1	6	9336590	AAGG	A	MODERATE	disruptive_inframe_deletion	False	183	2	2	0	120	61	100.0	66.3	0.01	0.01	0.5531135531135531		
Hd1	6	9336985	GACA	G	MODERATE	disruptive_inframe_deletion	False	152	2	1	1	104	46	50.0	69.3	0.02	0.02	0.5242244684559081		
Hd1	6	9337002	TAACAACAACAACGACAACG	T	MODERATE	disruptive_inframe_deletion	False	184	13	10	3	121	50	76.9	70.8	-0.05	0.02	0.7599295846232105	0.31643077188093416	2.623377718417786
Hd1	6	9337174	GAGC	G	MODERATE	conservative_inframe_deletion	False	221	9	6	3	144	68	66.7	67.9	0.01	0.01	1.0	0.8036320388445436	0.9149035761093428
Hd1	6	9338004	CTT	C	HIGH	frameshift	True	241	29	12	17	152	60	41.4	71.7	-0.02	0.01	0.002315147861982982	0.02457846503907246	0.3554876517727569
Hd1	6	9338220	CAAGA	C	HIGH	frameshift	True	239	52	8	44	156	31	15.4	83.4	0.01	0.01	8.756743049918034e-20	1.1102230246251565e-16	0.04063235463164072
Hd2/OsPRR37	7	29627357	AGAACGTTG	A	HIGH	frameshift	False	244	5	1	4	167	72	20.0	69.9	0.01	0.01	0.03383642908268114		
Hd2/OsPRR37	7	29628484	C	T	HIGH	stop_gained	False	157	2	0	2	98	57	0.0	63.2	-0.08	0.01	0.13971909194839133		
Hd6	3	31512460	A	T	HIGH	stop_lost	False	237	237	160	77	0	0	67.5	0.0	0.01		1.0		
Hd6	3	31514174	C	T	HIGH	start_lost	False	233	2	0	2	159	72	0.0	68.8	0.03	0.01	0.09993340239751368		
OsFKF1	11	20184298	C	CA	HIGH	frameshift	False	239	4	4	0	159	76	100.0	67.7	-0.08	0.01	0.3099217710009031		
OsFKF1	11	20187141	TCCCCTC	T	MODERATE	conservative_inframe_deletion	False	63	57	34	23	4	2	59.6	66.7	-0.0	-0.04	1.0	0.886856378906776	0.7747933884297521
OsLHY	8	3365750	G	T	HIGH	splice_acceptor&intron	False	237	199	149	50	13	25	74.9	34.2	0.01	-0.02	2.3613428715312632e-06	0.00011375866038743077	4.196104286020648
OsMADS14	3	31035675	G	GA	HIGH	frameshift	False	232	88	47	41	111	33	53.4	77.1	0.01	0.01	0.00025992976712968	0.007563054080028775	0.42091836734693877
OsMADS15	7	471668	ACCGCCGCCG	A	MODERATE	disruptive_inframe_deletion	False	193	3	3	0	127	63	100.0	66.8	0.01	0.01	0.5521805401079674		
OsMADS15	7	471668	ACCGCCGCCG	ACCGCCG	MODERATE	conservative_inframe_deletion	False	191	1	1	0	127	63	100.0	66.8	0.02	0.01	1.0		
OsMADS15	7	471920	TGGA	T	MODERATE	conservative_inframe_deletion	False	228	2	1	1	153	73	50.0	67.7	-0.01	0.01	0.5447484349640621		
osFTL1	1	6494657	CCCA	C	MODERATE	conservative_inframe_deletion	False	232	4	1	3	159	69	25.0	69.7	-0.02	0.01	0.08988181574159328		
osFTL1	1	6494657	CCCA	CCCACCA	MODERATE	conservative_inframe_insertion	False	229	1	1	0	159	69	100.0	69.7	0.01	0.01	1.0		
osFTL1	1	6494700	T	TCCTCCCGCTGCCGCGCGCC	HIGH	frameshift	False	233	4	1	3	157	72	25.0	68.6	-0.08	0.01	0.09931269803479621		
osFTL12	6	20971837	CATATATATATATATATATA	C	HIGH	splice_acceptor&splice_donor&splice_region&intron	False	56	56	34	22	0	0	60.7	0.0	0.01		1.0		
osFTL3(RFT1)	6	2927223	G	GGTGAA	HIGH	frameshift&stop_gained	False	236	3	3	0	158	75	100.0	67.8	0.02	0.01	0.5533856695053955		
osFTL3(RFT1)	6	2927430	G	C	HIGH	splice_acceptor&intron	False	236	1	1	0	162	73	100.0	68.9	-0.08	0.01	1.0		
osFTL5	2	23585220	ATGGTGTGCTTGGCCT	A	HIGH	splice_acceptor&splice_donor&splice_region&intron	False	239	230	154	76	8	1	67.0	88.9	0.01	-0.09	0.27823363633750764		
osFTL9	1	31344083	T	TTCG	HIGH	splice_donor&intron	False	229	223	152	71	4	2	68.2	66.7	0.01	-0.09	1.0		
