gene	snps_tested	best_snp_date	best_snp_date_p	best_snp_date_p_bonf	best_snp_date_effect	best_snp_photo	best_snp_photo_p	best_snp_photo_p_bonf	best_snp_photo_effect	group_k	group_date_p	group_date_eta2	group_photo_p	group_photo_V	date_group_vs_snp	photo_group_vs_snp
SE5	10	23855920 G>T	0.0039761810419398	0.039761810419398004	0.04131636451617838	23854130 A>G	9.999000099990002e-05	0.000999900009999	0.3035883703594582	5	0.0023698898475724	0.059	9.999000099990002e-05	0.416	group >= best SNP	group >= best SNP
Hd1	6	9337487 G>T	6.814301372927881e-05	0.00040885808237567286	0.06884555671050897	9338559 A>T	0.0036888238494881	0.0221329430969286	0.17736646807545575	3	9.38946760719434e-08	0.112	0.0087709590040211	0.185	group >= best SNP	group >= best SNP
Hd6	18	31513395 T>A	4.354954447289812e-12	7.838918005121661e-11	0.184841503705827	31513171 C>T	0.006999300069993	0.125987401259874	0.1891118001974543	3	7.393061112132456e-12	0.172	0.0067358911059882	0.19	best SNP > group	group >= best SNP
Hd3a	18	2941526 C>T	0.0001408201158294	0.0025347620849292	0.053509430304050504	2941526 C>T	2.779957102221025e-11	5.003922783997845e-10	0.4066886014105534	2	0.0006524155032472	0.042	2.947583040397391e-09	0.357	best SNP > group	best SNP > group
Ehd1	18	17078788 C>T	0.0283603148135711	0.5104856666442799	0.017938870938095913	17080573 T>A	0.0080760023463736	0.1453680422347248	0.1671955530789743	2	0.1261032219142117	0.009	0.5969514701760972	0.032	best SNP > group	best SNP > group
OsMADS50/DTH3	164	1281786 C>G	8.749028521571944e-05	0.014348406775377989	0.07771434646332932	1285894 C>T	2.1097280894081703e-09	3.4599540666293993e-07	0.3644865479814522	3	0.1002420024289251	0.017	2.7870483639896125e-07	0.33	best SNP > group	best SNP > group
OsMADS14	33	31037196 G>A	3.139478377959817e-08	1.0360278647267396e-06	0.11770566108081468	31032249 A>G	6.440574015998226e-06	0.00021253894252794145	0.2766107535232952	3	1.6583047992220504e-07	0.108	4.050674484707165e-05	0.27	best SNP > group	best SNP > group
OsMADS15	36	472805 G>A	0.0258203900238501	0.9295340408586037	0.01833260775462631	472805 G>A	4.2191958102631294e-10	1.5189104916947266e-08	0.3773162382679289	4	0.0074665217068995	0.043	9.999000099990002e-05	0.312	group >= best SNP	best SNP > group
OsLHY	59	3362966 T>A	3.2762496883813975e-08	1.9329873161450244e-06	0.1237126001855318	3364771 C>T	1.945438428278904e-06	0.00011478086726845533	0.29401268093875155	3	1.0987367898031163e-06	0.096	2.7080523898170132e-09	0.377	best SNP > group	group >= best SNP
OsPRRs(row9)	27	24571316 G>A	0.0001856331208168	0.0050120942620536	0.06165960929982991	24570191 C>A	2.7044188871038377e-07	7.3019309951803615e-06	0.3153351664214425	6	8.817755161653284e-06	0.109	1.1870014795854674e-05	0.332	group >= best SNP	group >= best SNP
OsGI	22	4338376 C>G	0.0130161180862486	0.2863545978974692	0.024317726327202697	4332542 T>A	0.0015998400159984	0.0351964803519648	0.21378497457807813	3	0.0994608710750308	0.017	0.4354564543545645	0.08	best SNP > group	best SNP > group
OsFKF1	52	20183302 A>G	9.96585230384381e-05	0.005182243197998781	0.06842174657851677	20185189 C>T	9.739157206319097e-06	0.000506436174728593	0.285685383427297	2	0.0001259470067648	0.053	0.037635195060863	0.125	best SNP > group	best SNP > group
Hd2/OsPRR37	31	29621540 C>T	4.48803438077352e-21	1.3912906580397913e-19	0.28777086231859006	29625335 C>T	0.0046667514514634	0.1446692949953654	0.18224347304068061	3	2.2056933536177356e-20	0.283	0.0544522944332838	0.145	best SNP > group	best SNP > group
Ghd7	13	9154234 A>G	0.0282516147108741	0.3672709912413633	0.01887940031181376	9152804 A>G	0.0265541438467042	0.3452038700071546	0.13625127728434788	3	0.0491029546055878	0.022	0.1411858814118588	0.119	group >= best SNP	best SNP > group
osFTL8	22	5653891 A>G	0.0004885393821994	0.0107478664083868	0.05510804137087588	5653891 A>G	9.999000099990002e-05	0.0021997800219978004	0.2594315209231364	3	0.0089767115356898	0.034	0.0013995665311443	0.218	best SNP > group	best SNP > group
osFTL1	17	6498044 T>G	0.1230736621817534	1.0	0.015512542614262837	6496227 C>T	0.0004632810514722	0.0078757778750274	0.2134679701115601	3	0.044601382628227	0.023	0.0038191886432526	0.2	group >= best SNP	best SNP > group
osFTL9	8	31343591 C>T	6.16688205077688e-05	0.0004933505640621504	0.05866286806825295	31343591 C>T	3.521657251422545e-06	2.817325801138036e-05	0.28224650333787266	2	0.0969215365433154	0.01	2.3586771908092797e-09	0.359	best SNP > group	group >= best SNP
osFTL13	15	7485689 C>T	0.0080056323883692	0.120084485825538	0.026042040234782435	7485689 C>T	0.002515636126323	0.037734541894845	0.1835402775649075	4	0.0211937404172765	0.035	0.0634604063418417	0.162	group >= best SNP	best SNP > group
osFTL6	12	24394305 G>A	1.0017817955174397e-08	1.2021381546209275e-07	0.11843277018585863	24392655 A>G	9.572625362604643e-07	1.1487150435125572e-05	0.30389914388464395	3	8.284559553837983e-07	0.098	9.64822120605354e-06	0.289	best SNP > group	best SNP > group
osFTL10	7	25667917 G>A	0.0232017368412592	0.16241215788881438	0.019367161739689928	25667917 G>A	1.6543666673444649e-06	1.1580566671411254e-05	0.30874157271497654	3	0.0258661119043544	0.027	9.999000099990002e-05	0.309	group >= best SNP	group >= best SNP
osFTL3(RFT1)	17	2928178 G>A	0.0001988839927533	0.0033810278768061	0.050797917739739074	2928018 G>A	5.265478715642251e-11	8.951313816591826e-10	0.3994254142676781	2	0.0010019120843898	0.039	1.539798930698744e-09	0.363	best SNP > group	best SNP > group
osFTL12	4	20973750 G>A	2.2058150027641547e-10	8.823260011056619e-10	0.1555633672585015	20974144 T>G	0.0718792591491435	0.287517036596574	0.12741230266074183	4	1.277569794234502e-09	0.151	0.0543945605439456	0.164	best SNP > group	group >= best SNP
osFTL4	20	19983752 A>G	1.3217932023866692e-06	2.6435864047733383e-05	0.10709610877644268	19982067 T>A	4.6460144801634105e-06	9.29202896032682e-05	0.30263565000752696	3	8.954386968647933e-07	0.097	0.0048348048101673	0.196	best SNP > group	best SNP > group
osFTL11	5	10733189 G>C	0.0159537495518545	0.07976874775927249	0.021965242472187087	10732974 C>T	7.343584585080722e-05	0.0003671792292540361	0.24084872222954234	6	0.0307425570783635	0.045	9.999000099990002e-05	0.407	group >= best SNP	group >= best SNP
osFTL7	24	7235606 C>T	0.0297088699018311	0.7130128776439464	0.017842850300140135	7236331 T>C	5.146468116920985e-10	1.2351523480610363e-08	0.37750837375522894	4	0.1343337358016539	0.02	9.999000099990002e-05	0.373	group >= best SNP	best SNP > group
