name	RAP_given	MSU_given	RAP_from_MSU	RAP_used	status	chr	start	end	strand	RAP_symbol	RAP_description
SE5	Os06g0603000			Os06g0603000	ok	6	23853783	23858023	-	SE5	Heme-oxygenase, Phytochrome chromophore biosynthesis, Nitric oxide- and auxin-induced late
Hd1	Os06g0275000	LOC_Os06g16370	Os06g0275000	Os06g0275000	ok	6	9336376	9338569	+	SE1	Zinc finger protein, Heading date
Hd6	Os03g0762000	LOC_Os03g55389	Os03g0762000	Os03g0762000	ok	3	31508813	31514460	-	HD6	Similar to Protein kinase CK2, alpha subunit.
Hd3a		LOC_Os06g06320	Os06g0157700	Os06g0157700	ok	6	2940004	2942452	+	HD3A	Florigen, Heading date
Ehd1		LOC_Os10g32600	Os10g0463400	Os10g0463400	ok	10	17076098	17081344	-	EF1	B-type response regulator, Floral inducer to promote short-day (SD) flowering pathway
OsMADS50/DTH3	Os03g0122600	LOC_Os03g03070	Os03g0122600	Os03g0122600	ok	3	1270320	1300273	-	MADS50	MIKC-type MADS-box protein, Flowering activator, Short-day/long-day promotion of flowering
OsMADS14	Os03g0752800			Os03g0752800	ok	3	31031753	31041563	-	RAP1B	Similar to Isoform 2 of MADS-box transcription factor 14.
OsMADS15	Os07g0108900			Os07g0108900	ok	7	471234	477655	-	RAP1A	Similar to MADS-box transcription factor 15.
OsLHY	Os08g0157600			Os08g0157600	ok	8	3360865	3373384	+	CCA1	MYB transcription factor, Circadian clock, Tolerance to salinity, osmotic, and drought str
OsPRRs(row9)	Os02g0618200			Os02g0618200	ok	2	24569489	24572391	+	TOC1	Circadian-associated rice pseudo response regulator, Control of flowering time
OsGI	Os01g0182600			Os01g0182600	ok	1	4329362	4338486	-	GI	Orthologue of the Arabidopsis GIGANTEA, Regulation of circadian rhythm and flowering time,
OsFKF1	Os11g0547000			Os11g0547000	ok	11	20182477	20187327	-	FKF1	Autonomous floral activator, Promotion of flowering
Hd2/OsPRR37		LOC_Os07g49460	Os07g0695100	Os07g0695100	ok	7	29616705	29629215	+	HD2	Pseudo response regulator, Heading date, Long-day repression
Ghd7		LOC_Os07g15770	Os07g0261200	Os07g0261200	ok	7	9152377	9155030	-	GHD7	CCT(CONSTANS, CONSTANS-LIKE, and TIMING OF CHLOROPHYLL A/B BINDING1)  domain protein, Head
osFTL8		LOC_Os01g10590	Os01g0202700	Os01g0202700	ok	1	5652593	5655352	+	FTL8	Similar to Flowering locus T3.
osFTL1		LOC_Os01g11940	Os01g0218500	Os01g0218500	ok	1	6494446	6499766	+	FTL1	Similar to ZCN14 protein.
osFTL9		LOC_Os01g54490	Os01g0748800	Os01g0748800	ok	1	31343364	31345522	+	FTL9	Flowering Locus T-like (FT-like) protein, Flowering time regulation, Non-functional (Nippo
osFTL13		LOC_Os02g13830	Os02g0232300	Os02g0232300	ok	2	7485426	7487005	+	FTL13	Similar to ZCN13.
osFTL5		LOC_Os02g39064	Os02g0602601	Os02g0602601	ok	2	23585114	23585305	-		Non-protein coding transcript.
osFTL6		LOC_Os04g41130	Os04g0488400	Os04g0488400	ok	4	24391459	24395755	-	FTL6	Similar to FLOWERING LOCUS T protein.
osFTL10		LOC_Os05g44180	Os05g0518000	Os05g0518000	ok	5	25667364	25669371	-	FTL10	Homolog of Hd3a, Promotion of flowering, Drought tolerance
osFTL3(RFT1)		LOC_Os06g06300	Os06g0157500	Os06g0157500	ok	6	2926823	2928474	+	RFT1	Florigen, Flowering time, Long-day promotion
osFTL2(Hd3a)		LOC_Os06g06320	Os06g0157700	Os06g0157700	ok	6	2940004	2942452	+	HD3A	Florigen, Heading date
osFTL12		LOC_Os06g35940	Os06g0552900	Os06g0552900	ok	6	20971660	20974252	-	FTL12	A member of FT (FLOWERING LOCUS T)-like family, Shoot-Silicon-Signal protein, Modulation o
osFTL4		LOC_Os09g33850	Os09g0513500	Os09g0513500	ok	9	19980213	19986378	-	FTL4	Flowering Locus T-like (FT-like) protein, Regulation of flowering time and drought toleran
osFTL11		LOC_Os11g18870	Os11g0293800	Os11g0293800	ok	11	10732822	10734815	+	FTL11	Similar to ZCN17.
osFTL7		LOC_Os12g13030	Os12g0232300	Os12g0232300	ok	12	7235000	7237115	+	FTL7	Similar to ZCN20.
