W	SE5	Hd1	Hd6	Hd3a	Ehd1	OsMADS50/DTH3	OsMADS14	OsMADS15	OsLHY	OsPRRs(row9)	OsGI	OsFKF1	Hd2/OsPRR37	Ghd7	osFTL8	osFTL1	osFTL9	osFTL13	osFTL6	osFTL10	osFTL3(RFT1)	osFTL12	osFTL4	osFTL11	osFTL7	COMBINED (all genes)
W00116	3	2	3	1	1	1	1	1	3	3	1	1	1	2	1	1	2	2	3	3	1	1	2	1	2	2
W00174	5	2	2	2	1	1	1	1	2	3	1	1	2	2	3	1	1	2	3	3	2	1	3	6	2	1
W00175	1	2	1	2	1	2	1	1	2	4	1	2	3	3	3	2	2	1	1	3	2	1	2	3	3	1
W00176	2	1	1	1	2	3	1	3	1	6	2	2	2	1	2	2	2	4	1	1	1	4	1	2	4	2
W00117	4	2	3	1	1	1	2	3	1	3	1	1	1	2	3	1	2	1	1	1	1	3	2	3	3	2
W00061	3	2	1	2	1	1	1	2	2	5	1	2	1	2	1	1	1	1	3	3	2	1	2	2	2	1
W00119	1	2	3	2	1	1	2	1	1	3	1	2	1	2	3	1	2	1	1	3	2	1	3	3	1	1
W00067	4	2	3	2	1	1	1	1	2	6	3	2	3	2	1	1	1	2	2	3	2	3	2	1	1	1
W00332	1	2	3	2	1	1	3	1	1	6	1	2	1	2	3	1	1	1	1	3	2	1	2	1	2	1
W00076	3	2	2	2	1	1	1	1	3	3	1	1	1	2	1	1	1	2	3	3	2	1	2	6	2	1
W00091	3	2	2	2	1	1	1	1	3	3	1	1	1	2	1	1	1	2	3	3	2	1	2	6	2	1
W00333	3	2	2	2	1	1	1	1	3	3	1	1	1	2	1	1	1	2	3	3	2	1	2	6	2	1
W00177	2	1	3	1	2	3	2	3	1	5	2	1	2	2	2	2	2	4	1	1	1	4	1	1	3	2
W00178	1	1	1	1	2	3	1	1	1	6	2	1	1	2	2	2	2	1	1	1	1	1	1	2	3	2
W00179	1	2	3	2	1	3	2	3	3	6	3	1	3	2	3	1	2	1	1	3	2	1	1	1	3	1
W00120	4	1	3	2	2	1	3	2	3	3	3	2	2	1	1	3	1	3	1	2	2	3	1	6	1	1
W00170	4	1	3	2	2	1	3	2	3	3	3	2	1	1	1	3	1	4	1	2	2	3	1	6	1	1
W00180	4	1	3	2	2	1	3	3	3	3	3	2	2	1	1	3	1	4	2	2	2	3	1	6	1	1
W00121	1	2	3	2	1	2	2	3	2	6	1	2	1	2	1	1	2	1	1	3	2	1	2	1	2	1
W00181	3	2	3	2	1	2	2	3	2	6	1	2	1	2	1	1	2	1	1	3	2	3	2	1	2	1
W00122	4	1	3	2	2	1	3	4	3	6	3	2	2	3	1	3	1	4	2	3	2	4	1	6	1	1
W00334	1	2	2	2	1	1	1	3	3	3	1	1	1	2	1	1	2	2	1	3	2	1	2	3	2	1
W00123	3	2	2	2	1	1	1	1	3	3	1	1	1	2	1	1	1	2	3	3	2	1	2	6	3	1
W00124	3	2	2	2	1	1	1	1	3	3	1	1	1	2	1	1	1	2	3	3	2	1	2	6	2	1
W00183	3	2	2	2	1	1	1	3	1	3	1	1	1	2	1	1	2	2	3	3	2	2	2	3	2	1
W00125	3	2	2	2	1	2	1	1	3	3	1	1	1	2	1	1	1	2	3	3	2	1	2	6	3	1
W00335	3	2	1	2	1	1	1	3	3	3	1	1	3	2	1	1	1	2	3	3	2	1	2	6	3	1
W00079	1	2	2	2	1	1	1	1	2	3	1	1	1	2	1	1	1	2	2	3	2	1	2	3	2	1
W00092	1	2	3	1	1	1	2	1	2	3	1	1	1	2	3	1	2	1	1	3	1	1	2	6	3	2
W00126	1	2	3	1	1	1	2	3	1	3	1	1	1	2	3	1	2	1	1	1	1	1	2	3	3	2
W00184	1	2	1	1	1	1	1	3	1	3	1	1	1	2	2	2	2	1	1	3	1	2	2	3	1	2
W00097	1	2	1	2	1	2	3	1	2	6	1	2	3	2	1	1	2	1	1	1	2	1	2	1	2	1
W00336	1	2	1	2	1	1	1	3	1	6	1	1	1	1	1	1	2	1	1	1	2	1	2	3	3	1
W00186	1	2	1	2	1	1	1	3	2	6	1	2	3	2	2	2	2	1	1	3	2	1	2	1	2	1
W00090	1	2	3	1	1	2	2	1	2	3	1	2	1	2	3	1	2	1	1	3	1	2	2	1	2	2
W00072	1	2	3	2	1	2	2	1	1	4	1	2	1	2	1	1	2	1	1	3	2	2	2	1	3	1
W00188	1	1	3	1	1	1	2	1	2	6	1	1	1	1	1	1	2	1	1	3	1	1	2	1	3	2
W00127	1	1	3	1	1	2	2	3	1	6	1	2	3	2	2	2	2	1	1	3	1	1	2	1	3	2
W00128	1	2	3	2	1	2	1	3	2	4	1	2	1	2	2	2	2	1	1	3	2	1	2	1	2	1
W00189	1	2	1	2	1	3	1	3	3	3	1	2	2	2	2	2	2	4	1	3	2	1	1	1	1	1
W00190	1	2	3	2	1	2	2	1	2	3	3	1	3	2	3	1	2	1	1	3	2	1	2	1	2	1
W00154	4	1	3	2	2	1	3	2	3	6	3	2	1	1	1	3	1	4	2	2	2	3	1	6	1	1
W00088	5	1	1	1	2	3	1	3	1	6	2	1	2	3	2	2	2	4	1	1	1	3	1	2	2	2
W00337	3	2	2	2	1	1	1	3	3	3	1	1	2	3	1	1	1	2	2	3	2	1	2	6	2	1
W00039	3	2	2	2	1	1	1	1	3	3	1	2	1	2	1	1	1	2	3	3	2	1	2	6	2	1
W00338	1	2	2	2	1	1	1	1	3	3	1	1	1	3	1	2	1	2	3	3	2	1	2	6	2	1
W00083	5	1	1	1	2	3	1	3	3	1	2	1	2	3	2	2	2	4	1	1	1	3	1	6	2	2
W00192	3	1	1	1	1	1	1	1	3	6	1	1	2	2	1	1	1	2	1	1	1	2	3	3	3	2
W00106	1	2	3	2	1	2	2	1	2	4	1	1	3	2	1	3	2	1	1	3	2	1	2	3	3	1
W00193	3	2	3	2	1	2	2	1	2	6	1	1	1	2	1	1	2	1	1	2	2	3	3	1	1	1
W00129	1	2	3	1	1	1	2	1	2	6	1	1	1	2	2	1	2	1	3	3	1	1	2	6	2	2
W00194	1	2	3	1	1	1	3	3	1	4	1	2	1	2	1	1	2	2	2	3	1	1	2	1	2	2
W00195	5	1	1	1	2	3	1	3	1	1	2	1	2	3	2	2	2	4	1	1	1	3	1	6	2	2
W00053	1	2	2	1	1	1	1	1	1	2	1	2	3	2	1	1	2	2	3	2	1	2	2	1	3	2
W00196	4	2	1	2	1	1	1	1	2	6	1	2	3	2	1	1	1	1	2	3	2	3	2	1	1	1
W00197	4	1	1	2	1	2	1	1	2	6	1	2	3	2	3	1	1	1	1	3	2	2	2	1	2	1
W00867	3	2	2	2	1	1	1	1	3	3	1	2	1	2	1	1	1	2	3	3	2	1	2	6	2	1
W00144	1	2	3	1	1	1	1	3	1	3	1	1	3	2	2	2	1	1	1	2	2	1	2	6	1	2
W00058	1	2	1	1	1	1	1	1	3	6	1	2	3	1	3	1	2	1	1	3	1	1	2	1	3	2
W00071	1	2	1	2	1	1	1	4	3	6	1	2	3	1	3	1	2	1	1	3	2	1	2	1	3	2
W00339	1	2	2	2	1	1	1	1	2	3	1	1	1	2	1	1	1	1	1	3	2	1	2	4	1	1
W00198	1	2	2	2	1	1	1	3	2	3	1	1	1	2	2	2	2	2	1	3	2	1	3	6	1	1
W00224	1	2	1	2	1	1	2	1	1	6	1	1	1	2	1	1	2	3	1	3	2	1	2	6	3	1
W00225	2	1	3	1	1	1	2	1	1	3	1	2	3	2	3	2	2	1	3	3	1	2	1	3	3	2
W00136	1	2	3	2	1	2	2	3	1	3	1	2	1	2	3	1	2	1	3	3	2	1	2	1	3	1
W00085	3	2	2	2	1	1	1	1	3	3	1	1	1	2	1	1	1	2	3	3	2	1	2	6	2	1
W00638	1	2	2	2	1	1	1	1	2	3	1	2	1	2	3	1	1	2	3	3	2	1	3	1	1	1
W00099	1	2	1	2	1	1	1	1	3	6	1	2	2	2	1	1	1	2	1	3	2	1	3	6	1	1
W00640	1	2	3	2	1	1	2	1	3	2	1	2	1	2	1	1	1	1	3	3	2	1	2	6	1	1
W00113	1	2	3	2	1	1	3	1	3	3	1	2	1	2	3	1	1	2	1	3	2	1	2	1	1	1
W00629	1	2	1	2	1	1	2	1	2	2	1	1	1	2	1	1	1	2	3	3	2	1	2	6	1	1
W00137	2	1	3	1	1	1	2	1	1	6	1	2	1	2	3	1	2	1	1	3	1	2	2	3	2	2
W00094	2	2	1	1	1	1	1	3	1	2	1	2	1	2	2	2	2	1	1	3	1	1	2	1	3	2
W00081	1	2	2	2	1	1	1	1	3	3	1	1	1	2	1	1	1	2	1	3	2	1	2	6	2	1
W00344	1	2	2	1	1	1	1	1	3	3	1	2	3	2	1	1	1	1	3	3	1	1	2	6	2	2
W00229	1	2	3	1	1	1	2	1	3	3	1	2	3	2	1	1	2	1	1	3	1	1	2	3	3	2
W00110	2	2	3	1	1	1	3	1	2	3	1	2	1	2	1	3	2	2	3	2	1	2	2	1	2	2
W00104	1	1	1	1	1	2	1	3	3	6	1	2	1	2	3	1	2	1	1	2	1	2	2	1	1	2
W00095	3	2	2	2	1	1	1	1	3	2	1	1	1	2	1	1	1	1	3	3	2	1	2	6	2	1
W00107	1	2	2	1	1	1	1	3	1	4	1	2	1	2	1	1	2	2	3	3	1	1	2	1	2	2
W00231	3	1	1	2	1	1	1	2	3	3	1	2	1	2	3	1	1	2	3	3	2	3	3	3	3	1
W00069	3	2	2	2	1	1	1	1	3	3	1	1	1	3	1	1	1	2	3	3	2	1	2	6	2	1
W00636	2	2	1	2	1	1	1	3	2	2	1	2	3	2	2	2	1	1	1	3	2	1	2	1	3	1
W00232	1	2	2	2	1	1	1	1	2	3	1	1	1	2	3	1	1	2	3	3	2	1	3	6	2	1
W00632	1	2	3	1	1	1	3	1	3	6	1	2	3	2	1	1	2	2	2	2	1	1	2	1	3	2
W00649	3	2	2	2	1	1	1	1	3	3	1	1	1	2	1	1	1	2	3	3	2	1	2	6	3	1
W00843	3	2	2	2	1	1	1	1	3	3	1	1	1	2	1	1	1	2	3	3	2	1	2	6	3	1
W00634	1	2	3	2	1	2	1	3	2	1	1	1	3	2	3	1	2	1	1	3	2	2	2	6	1	1
W00056	1	1	1	2	1	3	1	1	2	6	1	1	3	2	1	1	2	2	1	3	2	2	3	6	3	1
W00108	2	1	3	1	1	1	2	1	3	3	1	2	3	2	3	2	2	1	3	3	1	2	1	3	3	2
W00641	3	2	2	2	1	1	1	1	3	3	1	2	1	2	1	1	1	2	3	3	2	1	2	6	2	1
W00844	1	2	1	1	1	1	1	1	3	3	3	2	1	2	1	1	1	2	3	2	1	1	2	3	2	2
W00647	1	2	1	2	1	2	1	3	1	6	1	1	1	2	1	1	2	1	1	3	2	1	2	1	2	1
W00233	1	2	2	2	1	1	1	1	2	2	1	1	1	2	3	1	1	1	3	3	2	1	3	6	2	1
W00845	2	2	3	1	1	1	2	3	1	6	1	1	1	3	3	1	2	1	1	3	1	1	2	1	4	2
W00628	3	2	3	1	1	1	2	1	2	4	1	2	1	2	1	1	2	1	1	3	1	2	2	1	3	2
W00643	1	2	3	1	1	1	2	1	1	6	1	2	3	2	1	1	2	2	2	3	1	1	2	1	1	2
W00846	1	2	3	2	1	1	3	1	1	6	1	2	1	2	3	1	1	2	1	3	2	1	2	1	2	1
W00234	1	2	3	1	1	1	2	1	3	3	1	1	3	2	1	1	1	3	3	2	1	1	2	1	1	2
W00102	1	2	3	2	1	1	2	3	1	4	1	2	1	2	1	1	2	2	1	3	2	1	2	1	2	1
W00236	3	2	1	2	1	1	1	1	3	6	1	1	1	2	1	1	1	1	3	3	2	1	3	5	1	1
W00199	3	1	1	2	1	1	1	2	3	5	1	1	3	2	1	1	1	1	1	3	2	2	3	5	2	1
W00221	5	1	1	1	2	3	1	3	1	6	2	2	2	3	2	2	1	4	1	1	1	4	1	2	4	2
W00238	3	3	1	2	1	1	1	1	3	4	1	1	1	2	1	1	1	1	3	3	2	1	2	1	2	1
W00347	3	3	1	2	1	1	1	1	2	6	1	2	3	2	3	1	1	1	2	3	2	1	2	6	1	1
W00074	3	2	2	2	1	1	1	1	2	6	1	1	3	2	3	1	1	1	3	3	2	1	3	6	1	1
W00310	1	2	1	2	1	1	1	1	2	6	1	2	1	2	3	1	1	1	3	3	2	1	3	6	2	1
W00239	1	2	1	2	1	1	1	1	2	2	1	1	3	2	1	1	1	1	2	3	2	2	3	6	2	1
W00642	1	3	1	2	1	1	1	1	2	2	1	2	1	2	1	1	1	1	1	3	2	1	3	6	2	1
W00080	1	2	3	2	1	1	1	1	3	3	1	2	1	2	1	1	1	1	1	3	2	1	2	6	2	1
W00063	3	2	3	2	1	1	1	1	3	3	1	1	1	2	1	1	1	1	3	3	2	1	2	6	2	1
W00068	1	1	1	1	1	1	1	1	3	6	3	2	1	2	2	2	2	1	1	3	1	2	2	1	1	2
W00240	3	3	1	2	1	1	1	1	2	5	1	2	3	2	1	1	1	1	2	3	2	1	2	6	1	1
W00302	3	2	2	2	1	1	1	1	3	6	1	1	1	2	1	1	1	2	3	3	2	1	3	6	2	1
W00303	1	2	1	2	1	1	1	1	2	2	1	2	3	2	1	1	1	2	2	3	2	2	2	6	1	1
W00242	5	2	1	2	1	1	3	4	2	5	1	2	3	2	1	1	1	2	2	3	2	1	3	6	1	1
W00084	3	2	3	2	1	1	1	1	2	5	1	2	3	2	1	1	1	1	2	3	2	2	2	6	2	1
W00243	3	3	1	2	1	1	1	1	3	6	1	2	3	2	1	1	1	2	2	3	2	2	2	1	1	1
W00138	5	2	1	2	1	1	3	1	2	3	1	2	3	2	1	1	1	2	3	3	2	1	3	6	1	1
W00244	3	2	1	2	1	1	1	1	2	6	1	2	3	2	3	1	1	1	3	3	2	1	3	6	1	1
W00650	1	2	3	2	1	1	1	2	2	1	1	2	3	2	1	1	1	1	3	3	2	1	3	1	2	1
W00245	3	3	1	2	1	1	3	1	2	4	1	2	3	2	3	1	1	3	3	3	2	1	2	6	2	1
W00057	3	2	1	2	1	1	1	2	3	4	1	2	1	2	3	1	1	1	3	3	2	2	2	1	1	1
W00246	3	2	1	2	1	1	1	2	3	4	1	2	1	2	3	1	1	1	3	3	2	2	2	1	1	1
W00086	1	1	1	2	1	1	1	1	2	6	1	2	3	2	1	1	2	1	1	3	2	2	3	6	2	1
W00200	3	1	1	2	1	1	1	1	2	6	1	2	3	2	1	1	2	1	2	1	2	2	1	5	3	1
W00201	1	2	1	2	1	1	3	1	2	4	3	1	1	2	3	1	1	3	3	3	2	1	2	5	1	1
W00222	1	1	3	2	1	1	1	1	2	6	1	1	3	2	1	3	1	2	2	3	2	2	3	1	2	1
W00156	3	2	1	2	1	1	1	1	3	2	1	1	1	2	1	1	1	1	3	3	2	1	3	5	1	1
W00247	1	1	1	2	1	1	1	1	2	1	1	2	3	2	1	1	2	1	1	3	2	2	3	6	2	1
W00248	3	2	1	2	1	1	3	1	3	6	1	2	3	2	1	1	1	1	3	3	2	1	3	6	2	1
W00139	3	3	1	2	1	1	1	1	2	6	1	2	3	2	1	1	1	1	3	3	2	2	2	6	1	1
W00311	5	3	1	2	1	1	1	1	2	5	1	2	3	2	1	1	1	1	2	3	2	1	2	6	1	1
W00852	3	3	1	2	1	1	1	1	2	6	1	2	3	2	3	1	1	1	3	3	2	1	3	6	1	1
W00312	1	2	3	2	1	1	2	1	2	5	1	1	3	2	1	1	1	1	1	3	2	1	2	1	1	1
W00132	5	1	1	1	2	3	1	3	1	1	2	1	2	1	2	3	1	4	1	1	1	4	1	2	4	2
W00025	3	2	3	1	2	1	2	1	2	4	1	1	1	2	1	3	2	1	1	3	1	1	2	3	2	2
W00639	5	1	1	1	1	3	1	3	1	1	2	1	2	1	2	3	1	4	1	1	1	4	1	2	4	2
W00204	3	2	1	2	1	1	1	1	1	4	1	2	3	2	1	1	2	1	3	1	2	2	3	5	2	1
W00157	5	3	1	2	1	1	3	1	3	4	1	2	3	2	1	1	1	2	3	3	2	2	2	6	2	1
W00353	1	3	1	2	1	1	1	1	2	6	1	1	3	2	1	1	2	1	1	3	2	2	3	5	3	1
W00077	1	1	1	2	1	1	1	1	2	6	1	2	3	2	1	3	2	1	1	3	2	2	2	1	2	1
W00250	1	2	2	1	1	1	1	1	3	6	1	1	1	2	1	1	2	2	3	3	1	1	2	6	2	2
W00251	3	2	3	2	1	1	1	1	2	2	3	1	1	2	1	1	1	3	3	3	2	1	3	6	2	1
W00340	1	2	1	2	1	1	1	1	3	4	3	1	1	2	3	1	1	3	3	3	2	1	2	5	1	1
W00868	3	1	1	1	1	1	1	1	3	6	1	2	3	2	1	1	1	2	1	3	1	2	3	1	2	2
W00314	1	2	3	2	1	1	3	1	2	4	1	2	1	2	3	1	1	3	3	3	2	1	2	6	1	1
W00651	2	1	1	1	2	3	1	3	1	1	2	2	2	1	1	2	2	4	1	1	1	4	1	2	4	2
W00252	3	2	1	2	2	2	3	4	3	6	3	2	3	1	1	3	2	4	1	1	2	2	1	4	4	1
W00253	1	2	3	2	1	1	2	1	2	1	1	2	1	2	3	1	2	1	3	3	2	1	2	1	1	1
W00354	3	2	3	2	1	1	1	2	3	1	1	2	1	2	1	1	2	1	3	3	2	2	3	6	2	1
W00315	3	2	3	2	1	1	2	1	3	6	1	2	1	2	3	1	2	3	1	3	2	1	2	6	1	1
W00140	1	2	3	1	1	1	2	1	2	5	1	2	3	2	1	1	1	1	3	3	1	1	2	6	1	2
W00065	1	2	3	2	1	1	3	1	2	1	1	1	1	2	3	1	1	3	1	3	2	1	2	4	1	1
W00317	3	2	1	2	1	1	1	1	2	4	1	1	1	2	3	1	2	3	3	3	2	1	2	6	2	1
W00255	3	2	1	2	1	1	3	1	2	6	1	1	3	2	3	1	1	1	3	3	2	1	3	6	2	1
W00159	3	2	1	2	1	1	1	1	3	2	1	1	1	2	3	1	1	1	1	3	2	2	2	1	1	1
W00256	3	2	3	2	1	1	1	2	2	4	1	2	1	2	3	1	1	3	3	3	2	2	2	6	2	1
W00318	1	2	3	2	1	1	3	1	2	1	1	1	1	2	1	1	2	3	1	3	2	1	2	6	1	1
W00160	1	2	2	2	1	1	1	1	2	6	1	1	1	2	1	1	1	1	3	3	2	1	3	6	2	1
W00161	3	3	1	2	1	1	1	1	2	6	1	1	3	2	1	1	1	1	3	3	2	1	3	6	2	1
W00319	2	1	1	1	2	3	1	3	1	6	2	2	2	1	1	2	2	4	1	1	1	4	1	2	4	2
W00093	1	2	2	2	1	1	1	1	2	3	1	1	1	2	1	1	2	2	3	3	2	1	3	6	2	1
W00141	5	2	1	2	1	1	3	1	2	6	1	2	1	2	1	3	1	2	3	3	2	1	3	6	1	1
W00055	3	2	1	2	1	1	3	4	2	6	1	2	3	2	1	1	1	1	1	3	2	1	3	6	1	1
W00257	3	2	3	2	1	1	1	1	3	2	1	2	1	2	3	1	1	1	1	3	2	1	2	6	2	1
W00260	1	2	3	2	1	1	2	1	2	1	3	1	1	2	3	1	2	1	3	3	2	1	2	1	1	1
W00669	1	2	3	2	1	1	3	1	3	1	1	2	1	2	1	1	2	4	1	3	2	1	2	6	1	1
W00652	3	2	3	2	1	1	2	1	2	1	1	1	1	2	1	1	1	1	3	3	2	1	2	6	1	1
W00666	3	2	2	2	1	1	1	2	2	3	1	2	1	2	1	1	1	1	1	3	2	1	3	6	1	1
W00667	1	2	3	2	1	1	3	1	2	1	1	1	1	2	1	1	1	3	1	3	2	1	2	6	1	1
W00098	3	2	3	2	1	1	2	1	2	6	1	1	1	2	1	1	1	1	1	3	2	1	1	5	1	1
W00675	3	2	3	2	1	1	2	1	2	1	1	1	1	2	1	1	1	3	1	3	2	1	2	6	1	1
W00676	3	2	3	2	1	1	2	1	2	6	1	1	1	2	1	1	1	1	1	3	2	1	2	5	1	1
W00665	3	2	2	2	1	1	1	2	2	3	1	2	1	2	1	1	1	1	1	3	2	1	3	6	1	1
W00662	1	2	3	2	1	1	3	1	2	1	1	1	1	2	1	1	1	3	1	3	2	1	2	6	1	1
W00674	3	2	3	2	1	1	2	1	2	1	1	1	1	2	1	1	1	1	3	3	2	1	1	6	1	1
W00659	3	2	3	2	1	1	2	1	2	6	1	1	1	2	1	1	1	1	1	3	2	1	2	5	1	1
W00661	3	2	3	2	1	1	2	1	2	1	1	1	1	2	1	1	1	3	1	3	2	1	2	6	1	1
W00262	4	1	3	2	1	1	2	1	2	1	1	1	3	2	1	1	2	3	3	3	2	2	1	6	3	1
W00673	2	1	3	2	1	1	2	1	2	3	1	1	1	2	3	1	2	2	1	3	2	2	2	3	3	1
W00670	1	2	3	2	1	1	3	1	3	3	1	2	1	2	3	1	2	2	1	3	2	1	2	1	1	1
W00663	3	2	3	2	1	1	2	1	2	1	1	1	1	2	1	1	1	1	3	3	2	1	3	6	1	1
W00653	3	2	3	2	1	1	2	1	2	3	1	1	1	2	3	1	2	3	3	3	2	1	2	5	1	1
W00664	3	2	3	2	1	1	2	1	2	1	1	1	1	2	1	1	1	1	3	3	2	1	2	6	1	1
W00660	3	2	3	2	1	1	2	1	2	1	1	1	1	2	1	1	1	3	1	3	2	1	2	6	1	1
W00263	3	2	2	2	1	1	1	1	3	2	1	1	1	2	1	1	1	2	3	3	2	1	2	6	2	1
W00264	3	1	1	2	1	1	1	4	2	6	1	1	3	2	1	1	1	1	1	3	2	2	3	6	2	1
W00265	3	2	1	2	1	1	3	1	2	6	1	2	3	2	3	3	2	2	3	3	2	1	3	1	3	1
W00266	1	1	1	2	1	1	3	1	2	5	1	2	3	2	1	3	2	4	1	3	2	2	3	5	1	1
W00348	3	1	2	2	1	1	1	1	1	6	1	1	1	2	3	1	2	1	3	3	2	2	2	6	2	1
W00267	3	1	3	2	1	1	3	1	2	6	1	1	3	2	3	1	2	1	1	3	2	1	2	3	2	1
W00062	1	1	3	2	1	1	3	1	3	4	1	1	3	2	1	1	2	1	1	3	2	2	2	3	2	1
W00304	3	2	3	2	1	1	1	4	2	6	1	1	3	2	1	1	1	1	1	3	2	2	3	6	2	1
W00268	1	2	3	2	1	1	1	1	1	5	1	2	2	2	1	1	1	1	2	3	2	2	2	6	1	1
W00269	5	1	1	1	1	3	1	3	1	1	2	1	1	1	2	3	1	4	1	1	1	4	1	2	4	2
W00271	3	3	1	2	1	1	3	1	2	4	1	1	3	2	3	1	2	3	3	3	2	1	2	6	1	1
W00089	5	2	1	2	1	1	3	1	2	6	1	2	1	2	1	3	1	2	3	3	2	1	3	6	1	1
W00305	3	2	1	2	1	1	3	1	2	5	1	2	3	2	1	1	1	2	3	3	2	1	2	6	1	1
W00052	3	2	1	2	1	1	3	1	2	5	1	2	3	2	1	1	1	2	3	3	2	1	2	6	1	1
W00163	3	3	3	2	1	1	1	1	2	5	1	2	3	2	1	1	1	2	1	3	2	1	2	6	1	1
W00321	2	2	3	1	1	1	3	1	2	3	1	2	1	2	1	1	2	2	2	2	1	2	2	1	2	2
W00349	1	2	1	2	1	1	3	1	2	6	1	2	3	2	3	1	1	2	3	3	2	1	2	6	1	1
W00322	3	2	1	2	1	1	1	1	3	4	3	1	1	2	3	1	1	3	3	3	2	1	2	6	2	1
W00658	3	2	3	2	1	1	2	1	2	1	1	1	1	2	1	1	1	3	1	3	2	1	2	5	1	1
W00847	1	1	1	2	1	1	1	1	2	6	1	2	3	3	1	1	1	1	1	1	2	2	3	5	2	1
W00273	3	2	1	2	1	1	3	1	2	4	1	2	3	2	1	1	1	2	2	3	2	1	3	6	2	1
W00274	3	2	1	2	1	1	1	1	2	1	1	2	1	2	1	1	1	1	3	3	2	2	3	1	1	1
W00275	3	2	1	2	1	1	1	3	2	2	1	2	1	2	1	1	1	1	3	3	2	1	2	1	2	1
W00096	3	2	2	2	1	2	1	1	3	2	3	2	1	2	1	1	2	2	3	3	2	1	3	1	2	1
W00635	1	1	3	2	1	2	2	1	1	3	3	2	1	2	1	1	2	2	1	3	2	1	3	1	3	1
W00220	1	2	3	2	1	1	3	1	2	1	1	2	1	2	3	1	1	3	3	3	2	1	2	6	2	1
W00646	1	2	1	2	1	2	3	3	1	4	1	1	3	2	2	2	2	1	3	3	2	2	2	6	3	1
W00644	1	1	1	2	1	1	1	1	2	1	3	2	3	2	1	3	1	1	1	1	2	2	1	1	3	1
W00278	3	2	2	2	1	1	1	1	2	5	1	1	1	2	1	1	1	2	3	3	2	1	2	6	1	1
W00277	1	1	1	2	1	1	1	1	2	6	1	2	3	2	1	1	1	1	1	1	2	2	3	5	3	1
W00630	3	2	2	2	1	1	1	1	3	3	1	1	1	2	1	1	1	2	1	3	2	1	2	6	2	1
W00060	3	2	1	2	1	1	1	2	3	1	1	2	1	2	1	1	2	1	3	3	2	2	3	4	2	1
W00279	3	3	3	2	1	1	1	1	2	5	1	2	3	2	1	1	1	2	2	3	2	1	2	6	1	1
W00977	2	1	1	1	2	3	1	3	1	6	2	1	2	1	1	2	1	4	1	1	1	4	1	2	4	2
W00164	1	2	3	2	1	1	2	1	2	1	3	2	1	2	3	1	2	1	1	3	2	1	2	6	1	1
W00342	3	3	1	2	1	1	1	1	2	6	1	2	3	2	1	1	1	1	3	3	2	1	3	6	1	1
W00280	1	1	3	2	1	1	1	1	2	5	1	1	3	3	1	1	1	1	1	3	2	2	3	1	2	1
W00165	1	2	2	2	1	1	1	1	2	3	1	1	1	2	1	1	1	1	3	3	2	1	3	6	2	1
W00323	1	2	3	2	1	1	1	1	2	4	3	2	1	2	3	1	1	1	3	3	2	1	2	6	1	1
W00281	5	1	1	2	1	1	1	1	2	5	1	2	3	2	1	1	1	1	1	1	2	2	1	5	3	1
W00205	3	1	1	2	1	1	1	1	2	5	1	1	3	3	1	1	1	1	1	3	2	1	3	6	2	1
W00166	1	2	1	2	1	1	1	1	2	6	3	1	1	2	3	1	2	3	3	3	2	1	2	4	1	1
W00350	3	2	1	2	1	1	1	1	2	6	1	1	3	2	1	1	1	1	3	3	2	1	2	6	1	1
W00206	3	2	3	2	1	1	1	4	2	6	1	2	3	2	1	1	1	1	2	3	2	2	2	6	2	1
W00283	1	1	1	2	1	1	1	2	3	6	1	1	3	2	1	1	1	2	1	3	2	2	3	1	3	1
W00284	1	1	1	2	1	1	1	2	2	6	1	1	3	2	1	1	1	2	1	3	2	2	3	6	2	1
W00285	1	2	3	2	1	2	2	3	3	4	1	1	3	2	1	1	1	2	1	3	2	1	2	6	2	1
W00109	3	1	3	1	1	2	2	1	1	6	1	2	1	2	3	1	2	1	1	3	1	2	2	3	2	2
W00087	1	2	1	1	1	1	1	3	2	6	1	2	3	2	2	2	2	1	1	3	1	1	3	3	2	2
W00287	3	2	2	1	1	1	1	1	2	6	3	2	1	2	1	1	2	1	1	3	1	1	2	3	1	2
W00288	1	2	3	1	1	1	2	1	3	6	1	2	1	2	3	1	2	1	1	3	1	1	2	3	1	2
W00075	1	2	3	2	1	2	3	3	1	4	1	1	1	2	3	1	2	1	1	2	2	2	2	1	3	1
W00207	1	1	1	2	1	1	1	1	2	1	1	2	3	2	1	3	2	1	1	3	2	2	2	6	3	1
W00291	1	2	3	2	1	1	2	1	3	5	1	1	3	2	1	1	1	1	3	3	2	1	3	4	1	1
W00292	5	2	1	2	1	1	1	1	2	6	1	2	3	2	1	1	1	1	2	3	2	2	3	4	1	1
W00101	3	2	3	2	1	2	2	1	3	3	3	1	3	2	1	1	2	2	1	3	2	1	2	6	2	1
W00293	1	2	2	2	1	1	1	2	3	1	1	1	1	2	1	1	1	1	3	3	2	1	3	4	2	1
W00351	1	2	3	2	1	1	2	1	2	4	1	1	1	2	1	1	1	1	3	3	2	1	2	4	2	1
W00324	1	2	3	2	1	1	1	1	2	2	1	2	3	2	1	1	1	1	3	3	2	1	2	6	2	1
W00325	1	2	3	2	1	1	2	1	3	4	1	1	3	2	1	1	1	1	3	3	2	1	2	4	2	1
W00294	3	2	2	2	1	1	1	1	3	2	1	1	1	2	1	1	1	1	3	3	2	1	2	6	2	1
W00648	3	2	1	2	1	1	1	1	3	2	1	2	1	2	3	1	1	1	1	3	2	1	2	6	2	1
W00295	3	2	1	2	1	1	1	1	2	4	1	1	3	2	3	1	1	1	3	3	2	1	2	6	1	1
W00356	3	2	1	2	1	1	1	1	2	4	1	1	3	2	3	1	1	1	3	3	2	1	2	6	1	1
W00146	1	1	1	1	1	1	1	1	3	6	3	2	1	2	2	2	2	1	1	3	1	2	2	1	1	2
W00172	1	2	1	1	1	1	1	3	2	4	1	2	3	2	1	1	2	1	1	3	1	1	3	3	2	2
W00297	5	2	1	2	1	1	3	1	2	6	1	2	3	2	3	2	2	2	3	3	2	1	3	3	3	1
W00298	1	2	3	2	1	1	2	1	2	5	1	2	1	2	1	1	1	1	3	3	2	1	2	1	1	1
W00299	3	3	1	2	1	1	1	1	2	6	1	2	3	2	1	1	1	1	3	3	2	1	3	6	1	1
W00208	1	3	1	2	1	1	1	1	2	4	1	1	3	2	1	1	1	1	2	3	2	2	3	1	1	1
W00209	3	2	3	2	1	1	1	1	3	2	1	1	1	2	3	1	1	3	3	3	2	1	2	6	2	1
W00326	3	2	3	2	1	1	2	1	2	2	1	1	1	2	3	1	1	1	3	3	2	1	3	6	1	1
W00210	1	2	2	2	1	1	1	1	2	2	1	1	1	2	3	1	1	1	3	3	2	1	3	6	2	1
W00211	1	2	3	2	1	1	2	1	3	5	1	1	3	2	1	1	1	1	1	3	2	1	2	4	1	1
W00301	1	2	3	2	1	1	2	1	3	4	1	1	3	2	1	1	1	1	3	3	2	1	2	4	2	1
W00134	3	2	2	1	1	1	1	1	3	2	1	2	1	2	1	1	1	2	3	3	2	1	2	6	2	2
W00212	3	2	1	2	1	1	3	1	2	6	3	1	3	2	3	1	2	1	1	3	2	2	3	1	2	1
W00213	1	2	3	2	1	1	3	1	2	1	1	1	1	2	1	1	1	3	1	3	2	1	2	6	1	1
W00216	1	2	1	2	1	1	2	1	3	2	1	1	3	2	1	1	1	1	1	3	2	1	2	6	2	1
W00327	3	2	1	2	1	1	1	4	2	4	1	2	3	2	1	1	1	1	2	3	2	2	2	6	1	1
W00328	1	2	3	2	1	1	1	1	2	5	1	2	3	2	1	1	1	1	1	3	2	2	3	6	1	1
W00168	3	2	3	2	1	1	1	1	2	2	3	1	1	2	1	1	1	3	3	3	2	1	3	6	2	1
W00169	1	2	3	2	1	1	1	1	2	5	1	2	3	2	3	1	1	1	3	3	2	1	2	6	1	1
W00329	3	2	3	2	1	1	1	1	2	2	1	2	3	2	1	1	1	1	2	3	2	2	2	6	1	1
W00217	3	2	3	2	1	1	1	4	2	5	1	2	3	2	1	1	1	2	2	3	2	2	2	6	2	1
W00218	1	2	1	2	1	1	2	2	2	4	1	1	3	2	1	1	1	1	1	3	2	1	2	1	1	1
W00219	1	2	1	2	1	1	2	2	2	4	1	1	3	2	1	1	1	1	1	3	2	1	2	1	1	1
W00214	1	2	1	2	1	1	1	1	2	5	1	1	3	2	1	1	1	1	3	3	2	1	3	6	1	1
W00215	1	2	2	2	1	1	1	1	3	2	1	2	1	2	3	1	1	1	3	3	2	2	3	6	2	1
W00300	3	2	1	2	1	1	3	1	2	6	1	2	3	2	3	3	2	2	3	3	2	1	3	3	1	1
W00352	3	3	1	2	1	1	1	1	3	4	1	1	1	2	3	1	2	3	3	3	2	2	3	6	1	1
W00223	5	1	1	1	2	3	1	1	1	6	2	1	2	1	1	2	1	4	1	1	2	4	1	2	2	2
