W	variety	GW	photo	date	photo_raw
W00116	1094-61	GW001	photosensitive	93.0	photosensitive
W00174	716 54R	GW003	photosensitive	94.0	photosensitive
W00175	Abhaya	GW004	non-photosensitive	85.0	non-photosensitive
W00176	Azucena	GW005	photosensitive	86.0	photosensitive
W00117	BA7	GW006	non-photosensitive	86.0	non-photosensitive
W00061	BENARA	GW008	photosensitive	99.0	photosensitive
W00119	BRJ1-13-B-55	GW009	non-photosensitive	78.0	non-photosensitive
W00067	CHEMPAN	GW010	photosensitive	116.0	photosensitive
W00332	CNTBR82040-259-1-1-1	GW013	non-photosensitive	98.0	non-photosensitive
W00076	CSSL-Chr1 (11)	GW015	photosensitive	79.0	photosensitive
W00091	CSSL-Chr1 (16)	GW016	photosensitive	82.0	photosensitive
W00333	CSSL-Chr8 (106)	GW017	photosensitive	81.0	photosensitive
W00177	CT9993	GW018	non-photosensitive	81.0	non-photosensitive
W00178	DH103	GW019	non-photosensitive	91.0	non-photosensitive
W00179	DH212	GW020	non-photosensitive	99.0	non-photosensitive
W00120	DHARIA	GW021	non-photosensitive	76.0	non-photosensitive
W00170	DULAR	DP001	non-photosensitive	98.0	non-photosensitive
W00180	DV85	GW022	non-photosensitive	79.0	non-photosensitive
W00121	FL496	GW023	non-photosensitive	86.0	non-photosensitive
W00181	FL530	GW024	non-photosensitive	85.0	non-photosensitive
W00122	FR13A	GW025	photosensitive	87.0	photosensitive
W00334	HomMali802	GW026	photosensitive	81.0	photosensitive
W00123	HomMali803-1	GW027	photosensitive	91.0	photosensitive
W00124	HomMali803-2	GW028	photosensitive	81.0	photosensitive
W00183	HomMali805	GW030	photosensitive	88.0	photosensitive
W00125	HomMali821	GW031	photosensitive	87.0	photosensitive
W00335	HomMali823	GW033	photosensitive	86.0	photosensitive
W00079	HomMali841	GW035	photosensitive	87.0	photosensitive
W00092	Improved Sinthulette-SalTol	GW036	non-photosensitive	91.0	non-photosensitive
W00126	IR1188	GW037	non-photosensitive	86.0	non-photosensitive
W00184	IR29	GW038	non-photosensitive	86.0	non-photosensitive
W00097	IR40	GW271 	non-photosensitive	87.0	non-photosensitive
W00336	IR4563-52-1-3-6	GW040	non-photosensitive	91.0	non-photosensitive
W00186	IR53936	GW042	non-photosensitive	94.0	non-photosensitive 
W00090	IR58	GW044	non-photosensitive	78.0	non-photosensitive
W00072	IR60	GW045	non-photosensitive	80.0	non-photosensitive
W00188	IR62266	GW046	non-photosensitive	91.0	non-photosensitive
W00127	IR64	GW047	non-photosensitive	86.0	non-photosensitive
W00128	IR72	GW048	non-photosensitive	88.0	non-photosensitive
W00189	IWS10	GW049	photosensitive	96.0	photosensitive
W00190	Jasmine IR57514 (BC4F7)	GW050	photosensitive	95.0	photosensitive
W00154	Kalubala Vee	DP004	non-photosensitive	87.0	non-photosensitive
W00088	Kauk Kyi Taung Pyan 	GW051	photosensitive	108.0	photosensitive
W00337	KD20	GW053	photosensitive	92.0	photosensitive
W00039	KDML	GW052	photosensitive	85.0	photosensitive
W00338	KDML105-Bph3-1	GW054	photosensitive	81.0	photosensitive
W00083	Knga Kyein Thee	GW056	photosensitive	99.0	photosensitive
W00192	MNTK 75	GW058	non-photosensitive	99.0	non-photosensitive
W00106	Mu9962	GW059	non-photosensitive	75.0	non-photosensitive
W00193	MUDGO	GW060	non-photosensitive	70.0	non-photosensitive
W00129	Nanobokra	GW061	non-photosensitive	82.0	non-photosensitive
W00194	No.51-PSL	GW063	non-photosensitive	86.0	non-photosensitive
W00195	Pawsan hmwe	GW064	photosensitive	114.0	photosensitive
W00053	PSL85063-9-1-2	GW067	non-photosensitive	89.0	non-photosensitive
W00196	PTB33	GW068	photosensitive	133.0	photosensitive
W00197	Rathu	GW069	photosensitive	127.0	photosensitive
W00867	RD75	GW416	non-photosensitive	86.0	non-photosensitive*
W00144	SPR4	GW231	non-photosensitive	93.0	non-photosensitive
W00058	T6-4	GW071	non-photosensitive	91.0	non-photosensitive
W00071	T6-6	GW072	non-photosensitive	86.0	non-photosensitive
W00339	TDK1_Aroma	GW074	photosensitive	96.0	photosensitive
W00198	TDK1_Sub1	GW075	non-photosensitive	93.0	non-photosensitive
W00224	กข10	GW111	non-photosensitive	89.0	non-photosensitive
W00225	กข11	GW112	non-photosensitive	93.0	non-photosensitive
W00136	กข14	GW114	non-photosensitive	89.0	non-photosensitive
W00085	กข15	GW115	photosensitive	78.0	photosensitive
W00638	กข16	GW293	non-photosensitive	80.0	non-photosensitive*
W00099	กข17	GW116	non-photosensitive	100.0	non-photosensitive*
W00640	กข20	GW295	non-photosensitive	76.0	non-photosensitive*
W00113	กข21	GW118	non-photosensitive	89.0	non-photosensitive*
W00629	กข22	GW284	non-photosensitive	91.0	non-photosensitive*
W00137	กข23	GW119	non-photosensitive	87.0	non-photosensitive*
W00094	กข29 (ชัยนาท 80)	GW121	non-photosensitive	87.0	non-photosensitive*
W00081	กข33 (หอมอุบล 80)	GW123	non-photosensitive	87.0	non-photosensitive*
W00344	กข35 (รังสิต 80)	GW124	non-photosensitive	96.0	non-photosensitive*
W00229	กข37	GW125	non-photosensitive	94.0	non-photosensitive*
W00110	กข41	GW128	non-photosensitive	91.0	non-photosensitive*
W00104	กข43	GW129	non-photosensitive	76.0	non-photosensitive*
W00095	กข45	GW130	non-photosensitive	91.0	non-photosensitive*
W00107	กข49	GW132	non-photosensitive	91.0	non-photosensitive*
W00231	กข5	GW133	non-photosensitive	100.0	non-photosensitive*
W00069	กข51 HomMali801	GW134	non-photosensitive	86.0	non-photosensitive*
W00636	กข59	GW291	non-photosensitive	97.0	non-photosensitive*
W00232	กข6	GW136	non-photosensitive	88.0	non-photosensitive*
W00632	กข61	GW287	non-photosensitive	78.0	non-photosensitive*
W00649	กข65	GW305	non-photosensitive	81.0	non-photosensitive*
W00843	กข65	GW356	non-photosensitive	81.0	non-photosensitive*
W00634	กข67	GW289	non-photosensitive	96.0	non-photosensitive*
W00056	กข69 (ทับทิมชุมแพ) 	GW138	non-photosensitive	99.0	non-photosensitive*
W00108	กข7	GW139	non-photosensitive	91.0	non-photosensitive*
W00641	กข73	GW296	non-photosensitive	81.0	non-photosensitive*
W00844	กข77	GW358	non-photosensitive	88.0	non-photosensitive*
W00647	กข79	GW303	non-photosensitive	94.0	non-photosensitive*
W00233	กข8	GW140	non-photosensitive	86.0	non-photosensitive*
W00845	กข81	GW359	non-photosensitive	83.0	non-photosensitive*
W00628	กข83	GW283	non-photosensitive	93.0	non-photosensitive*
W00643	กข85	GW298	non-photosensitive	98.0	non-photosensitive*
W00846	กข87	GW360	non-photosensitive	97.0	non-photosensitive*
W00234	กข9	GW141	non-photosensitive	92.0	non-photosensitive
W00102	กข-แม่โจ้ 2	GW142	non-photosensitive	91.0	non-photosensitive
W00236	กู้เมืองหลวง	GW146	photosensitive	91.0	 Photosensitive 
W00199	เก้ารวง 88	GW076	photosensitive	114.0	photosensitive
W00221	ไก่น้อยเหลือง	GW106	photosensitive	86.0	photosensitive
W00238	ขาวก้นจุด	GW152	photosensitive	97.0	photosensitive
W00347	ขาวกลาง	GW153	photosensitive	106.0	photosensitive
W00074	ขาวกอเดียว 35	GW154	photosensitive	92.0	photosensitive
W00310	ข้าวก่ำ	DP007	photosensitive	92.0	photosensitive
W00239	ขาวงาช้าง	GW155	photosensitive	106.0	photosensitive
W00642	ขาวเจ๊กชัยนาท 4	GW297	photosensitive	88.0	photosensitive*
W00080	ข้าวเจ้าหอมคลองหลวง 1	GW147	photosensitive	94.0	photosensitive*
W00063	ข้าวเจ้าหอมพิษณุโลก 1	GW148	photosensitive	88.0	photosensitive*
W00068	ข้าวเจ้าหอมสุพรรณบุรี	GW149	photosensitive	81.0	photosensitive*
W00240	ขาวดอกมะลิ	GW156	photosensitive	106.0	photosensitive*
W00302	ขาวดอกมะลิ 105	GW252	photosensitive	79.0	photosensitive*
W00303	ขาวตาแห้ง	GW253	photosensitive	121.0	photosensitive*
W00242	ขาวบ้านนา 432	GW159	photosensitive	112.0	photosensitive*
W00084	ขาวบ้านปง 132	GW160	photosensitive	113.0	photosensitive*
W00243	ขาวบุญมา	GW161	photosensitive	114.0	photosensitive*
W00138	ขาวโป่งไคร้	GW151	photosensitive	113.0	photosensitive*
W00244	ขาวพานหลวง	GW162	photosensitive	106.0	photosensitive*
W00650	ข้าวเหนียวเงี้ยวงู	GW306	photosensitive	99.0	photosensitive*
W00245	ขี้ตมกลาง	GW163	photosensitive	94.0	photosensitive*
W00057	ขี้ตมกำนัล	GW164	photosensitive	79.0	photosensitive*
W00246	ขี้ตมพัน	GW165	photosensitive	78.0	photosensitive*
W00086	เข็มทองพัทลุง	GW077	photosensitive	122.0	photosensitive*
W00200	เขียว	GW078	photosensitive	134.0	photosensitive*
W00201	เขียวลื้อ	GW079	photosensitive	89.0	photosensitive*
W00222	ไข่มดริ้น	GW107	photosensitive	136.0	photosensitive*
W00156	คูเมือง	DP012	photosensitive	93.0	photosensitive*
W00247	งาช้าง	GW166	photosensitive	135.0	photosensitive*
W00248	จำปาจีน	GW167	photosensitive	114.0	photosensitive*
W00139	จำปาซ้อน	GW168	photosensitive	107.0	photosensitive*
W00311	จุดมอญ	DP013	photosensitive	133.0	photosensitive*
W00852	เจ็กเชย 1	GW366	photosensitive	96.0	photosensitive*
W00312	เจ้าขาว	DP014	photosensitive	88.0	photosensitive*
W00132	เจ้าขาวเชียงใหม่	GW081	photosensitive	76.0	photosensitive*
W00025	เจ้าหอมนิล	GW083	photosensitive	81.0	photosensitive*
W00639	เจ้าฮ่อ	GW294	photosensitive		photosensitive*
W00204	เฉี้ยงพัทลุง	GW084	photosensitive	112.0	photosensitive*
W00157	ช่อมะกอก	DP016	photosensitive	108.0	photosensitive*
W00353	ช่อไม้ไผ่	GW255	photosensitive	134.0	photosensitive*
W00077	ช่อลุง 97	GW169	photosensitive	135.0	photosensitive*
W00250	ชัยนาท 2	GW171	photosensitive	81.0	photosensitive*
W00251	ชุมแพ 60	GW172	photosensitive	86.0	photosensitive*
W00340	เชียงดาว	GW085	photosensitive	86.0	photosensitive*
W00868	ซีบูกันตัง	GW417	photosensitive	100.0	photosensitive*
W00314	ดอกข่า	DP017	photosensitive	81.0	photosensitive*
W00651	ดอกข่า 50	GW307	photosensitive	99.0	photosensitive*
W00252	ดอกพะยอม	GW174	photosensitive	88.0	photosensitive*
W00253	ดอขาว	GW175	photosensitive	76.0	photosensitive*
W00354	ดอขาว	GW256	photosensitive	123.0	photosensitive*
W00315	ดอดอกไม้	DP019	photosensitive	75.0	photosensitive*
W00140	ดอสามเดือน	GW176	photosensitive	72.0	photosensitive*
W00065	ดอเหมย	GW173	photosensitive	88.0	photosensitive*
W00317	ตมเมืองหลวง	DP022	photosensitive	85.0	photosensitive*
W00255	ตะเภาแก้ว 161	GW179	photosensitive	112.0	photosensitive*
W00159	ตะเภาล่ม	DP023	photosensitive	85.0	photosensitive*
W00256	ตับเหมยดำ	GW180	photosensitive	91.0	photosensitive*
W00318	ตาเขียด	DP024	photosensitive	94.0	photosensitive*
W00160	ตาบาน	DP025	photosensitive	86.0	photosensitive*
W00161	ทองรากไทร	DP026	photosensitive	100.0	photosensitive*
W00319	ไทรไร่	DP027	photosensitive	93.0	photosensitive*
W00093	ธัญสิริน	GW181	photosensitive	81.0	photosensitive*
W00141	นางเขียว	GW182	photosensitive	129.0	photosensitive*
W00055	นางฉลอง	GW183	photosensitive	99.0	photosensitive*
W00257	นางมล	GW184	photosensitive	91.0	photosensitive*
W00260	บือกิ	GW325	photosensitive	86.0	photosensitive*
W00669	บือคลอ	GW312	photosensitive	87.0	photosensitive*
W00652	บือชิมีโพปริ	GW308	photosensitive	70.0	photosensitive*
W00666	บือโช	GW322	photosensitive	87.0	photosensitive*
W00667	บือโชทอค่อ	GW323	photosensitive	72.0	photosensitive*
W00098	บือซอมี	GW189	photosensitive	103.0	photosensitive*
W00675	บือซอมีคอ	GW331	photosensitive	84.0	photosensitive*
W00676	บือทอแหม่	GW332	photosensitive	78.0	photosensitive*
W00665	บือเนอมูพะโดะ	GW321	photosensitive	89.0	photosensitive*
W00662	บือปิอิ๊พะโด๊ะ	GW318	photosensitive	86.0	photosensitive*
W00674	บือโป๊ะโล๊ะ	GW330	photosensitive	76.0	photosensitive*
W00659	บือพลี	GW315	photosensitive	76.0	photosensitive*
W00661	บือพะโดะ	GW317	photosensitive	88.0	photosensitive*
W00262	บือพะทอ	GW190	photosensitive	96.0	photosensitive*
W00673	บือพือคอ	GW329	photosensitive	90.0	photosensitive*
W00670	บือโพปริ	GW326	photosensitive	87.0	photosensitive*
W00663	บือมวช	GW319	photosensitive	70.0	photosensitive*
W00653	บือมีห่าง	GW309	photosensitive	86.0	photosensitive*
W00664	บือเมล็ดยาว	GW320	photosensitive	76.0	photosensitive*
W00660	บือสาเกาะ	GW316	photosensitive	93.0	photosensitive*
W00263	ปทุมธานี 60	GW192	photosensitive	88.0	photosensitive*
W00264	ปราจีนบุรี 1	GW193	photosensitive	130.0	photosensitive*
W00265	ปราจีนบุรี 2	GW194	photosensitive	128.0	photosensitive*
W00266	ปล้องแอ้ว	GW195	photosensitive	87.0	photosensitive*
W00348	ปิ่นเกษตร 1	GW197	photosensitive	94.0	photosensitive*
W00267	ปิ่นเกษตร 3	GW198	photosensitive	98.0	photosensitive*
W00062	ปิ่นเกษตร 4	GW199	photosensitive	104.0	photosensitive*
W00304	ปิ่นแก้ว	GW258	photosensitive	123.0	photosensitive*
W00268	ปิ่นแก้ว 56	GW200	photosensitive	94.0	photosensitive*
W00269	พญาลืมแกง	GW201	photosensitive	76.0	photosensitive*
W00271	พม่าดำ	GW203	photosensitive	95.0	photosensitive*
W00089	พลายงามปราจีนบุรี	GW204	photosensitive	134.0	photosensitive*
W00305	พวงทอง	GW259	photosensitive	110.0	photosensitive*
W00052	พวงทอง	GW205	photosensitive	114.0	photosensitive*
W00163	พวงนาค	DP030	photosensitive	96.0	photosensitive*
W00321	พวงสูง	DP031	photosensitive	82.0	photosensitive*
W00349	พวงหนัก	GW206	photosensitive	93.0	photosensitive*
W00322	พวงหางนาค	DP032	photosensitive	79.0	photosensitive*
W00658	พะโคะรวงยาว	GW314	photosensitive	91.0	photosensitive*
W00847	พัทลุง 60	GW361	non-photosensitive	134.0	non-photosensitive*
W00273	พานทอง	GW208	photosensitive	134.0	photosensitive
W00274	พิษณุโลก 3	GW210	photosensitive	107.0	photosensitive
W00275	พิษณุโลก 60-1	GW211	photosensitive	100.0	photosensitive
W00096	พิษณุโลก 80	GW213	photosensitive	94.0	photosensitive
W00635	พิษณุโลก60-2	GW290	non-photosensitive	93.0	non-photosensitive*
W00220	แพร่	GW104		98.0	weekly photo photosensitive
W00646	แพร่ 1	GW302	non-photosensitive	89.0	non-photosensitive*
W00644	มะจานู 69	GW299	photosensitive	137.0	photosensitive*
W00278	มะลิโกเมนทร์	GW215	photosensitive	91.0	photosensitive
W00277	มะลิแดง	GW214	photosensitive	108.0	photosensitive
W00630	มะลินิลสุรินทร์	GW285	photosensitive	91.0	photosensitive*
W00060	มันเป็ด215-33-65	GW216	photosensitive	87.0	photosensitive
W00279	ม้าบั้ง	GW217	photosensitive	106.0	photosensitive
W00977	เม็ดฝ้าย 62	GW420	non-photosensitive	88.0	non-photosensitive*
W00164	เมืองงา	DP033	non-photosensitive	87.0	non-photosensitive
W00342	แม่ลาด	GW105	photosensitive	98.0	photosensitive
W00280	ยีแตซามิง	GW218	photosensitive	128.0	photosensitive
W00165	รวงเดียว	DP034	photosensitive	87.0	photosensitive
W00323	รากแห้ง	DP035	photosensitive	72.0	photosensitive
W00281	ลูกเหลือง	GW219	photosensitive	136.0	photosensitive
W00205	เล็บนกปัตตานี	GW086	photosensitive	114.0	photosensitive
W00166	เล้าแตก	DP036	photosensitive	78.0	photosensitive
W00350	ศรีนวล	GW221	photosensitive	98.0	photosensitive
W00206	เศรษฐี	GW087	photosensitive	115.0	photosensitive
W00283	สังข์หยด	GW222	photosensitive	113.0	photosensitive
W00284	สังข์หยดพัทลุง	GW223	photosensitive	119.0	photosensitive
W00285	สันป่าตอง	GW224	non-photosensitive		non-photosensitive
W00109	สุพรรณบุรี 2	GW227	non-photosensitive	91.0	non-photosensitive
W00087	สุพรรณบุรี 3	GW228	non-photosensitive	88.0	non-photosensitive
W00287	สุพรรณบุรี 60	GW229	non-photosensitive	82.0	non-photosensitive
W00288	สุพรรณบุรี 90	GW230	non-photosensitive	87.0	non-photosensitive
W00075	สุรินทร์ 1	GW232	non-photosensitive	98.0	non-photosensitive
W00207	เสี้ยนโอน	GW088	photosensitive	130.0	photosensitive
W00291	หอมขี้ควาย	GW237	photosensitive	71.0	photosensitive
W00292	หอมจันทร์	GW238	photosensitive		photosensitive
W00101	หอมชลสิทธิ์	GW239	non-photosensitive	91.0	non-photosensitive
W00293	หอมดง	GW240	photosensitive	93.0	photosensitive
W00351	หอมแดงน้อย	GW235	photosensitive	86.0	photosensitive
W00324	หอมทอง	DP038	photosensitive	106.0	photosensitive
W00325	หอมนางนวล	DP039	photosensitive	83.0	photosensitive
W00294	หอมนายพล	GW241	photosensitive	86.0	photosensitive
W00648	หอมใบเตย 62	GW304	non-photosensitive	93.0	non-photosensitive*
W00295	หอมพม่า	GW242	photosensitive	96.0	photosensitive
W00356	หอมพม่า	GW262	photosensitive	95.0	photosensitive
W00146	หอมสุพรรณ	GW245	non-photosensitive	86.0	non-photosensitive
W00172	หอมสูตะบุตร	DP040	photosensitive	83.0	photosensitive
W00297	หันตรา 60	GW246	photosensitive	127.0	photosensitive
W00298	หางยี 71	GW247	photosensitive	94.0	photosensitive
W00299	ห้ารวงเบา	GW248	photosensitive	106.0	photosensitive
W00208	เหนียวเขี้ยวงู	GW089	photosensitive	132.0	photosensitive
W00209	เหนียวดำ	GW090	photosensitive	84.0	photosensitive
W00326	เหนียวมะลิ	DP042	photosensitive	93.0	photosensitive
W00210	เหนียวสันป่าตอง	GW092	photosensitive	87.0	photosensitive
W00211	เหนียวหอม	GW093	photosensitive	89.0	photosensitive
W00301	เหนียวหอม(เหนียว)	GW251	photosensitive	88.0	photosensitive
W00134	เหนียวอุบล 1	GW094	photosensitive	91.0	photosensitive
W00212	เหนียวอุบล 2	GW095	photosensitive	86.0	photosensitive
W00213	เหมยนอง 62 เอ็ม	GW096	photosensitive	115.0	photosensitive
W00216	เหลืองขมิ้น	GW099	non-photosensitive	87.0	non-photosensitive
W00327	เหลืองควายล้า	DP043	photosensitive	122.0	photosensitive
W00328	เหลืองงาม	DP044	photosensitive	98.0	photosensitive
W00168	เหลืองชุมแพ	DP045	photosensitive	87.0	photosensitive
W00169	เหลืองดง	DP046	photosensitive	97.0	photosensitive
W00329	เหลืองทอง	DP047	photosensitive	103.0	photosensitive
W00217	เหลืองประทิว 123	GW100	photosensitive	112.0	photosensitive
W00218	เหลืองปลายหล้า	GW101	photosensitive	81.0	photosensitive
W00219	เหลืองหอม	GW102	photosensitive	81.0	photosensitive
W00214	เหลืองใหญ่	GW097	photosensitive	104.0	photosensitive
W00215	เหลืองใหญ่ 148	GW098	photosensitive	86.0	photosensitive
W00300	อยุธยา 1	GW249	photosensitive	114.0	photosensitive
W00352	อีปิด	GW250	photosensitive	83.0	photosensitive
W00223	ไอไท้	GW109	photosensitive	81.0	photosensitive
