gene	region	HIGH	MODERATE	LOW	MODIFIER
Ehd1	flank	0	0	0	73
Ehd1	gene	0	9	8	97
Ghd7	flank	0	0	0	183
Ghd7	gene	1	16	4	38
Hd1	flank	0	0	0	41
Hd1	gene	3	14	3	10
Hd2/OsPRR37	flank	0	0	0	133
Hd2/OsPRR37	gene	2	14	8	85
Hd3a	flank	0	0	0	91
Hd3a	gene	0	4	3	45
Hd6	flank	0	0	0	86
Hd6	gene	1	2	2	46
OsFKF1	flank	0	0	0	172
OsFKF1	gene	2	15	40	99
OsGI	flank	0	0	0	90
OsGI	gene	0	4	6	40
OsLHY	flank	0	0	0	182
OsLHY	gene	1	5	13	154
OsMADS14	flank	0	0	0	64
OsMADS14	gene	1	0	1	81
OsMADS15	flank	0	0	0	88
OsMADS15	gene	0	4	5	93
OsMADS50/DTH3	flank	0	0	0	49
OsMADS50/DTH3	gene	0	2	5	527
OsPRRs(row9)	flank	0	0	0	251
OsPRRs(row9)	gene	0	15	30	48
SE5	flank	0	0	0	180
SE5	gene	0	2	1	41
osFTL1	flank	0	0	0	134
osFTL1	gene	1	8	7	90
osFTL10	flank	0	0	0	31
osFTL10	gene	0	1	0	10
osFTL11	flank	0	0	0	93
osFTL11	gene	0	3	3	19
osFTL12	flank	0	0	1	155
osFTL12	gene	0	0	3	26
osFTL13	flank	0	0	0	117
osFTL13	gene	0	5	4	49
osFTL3(RFT1)	flank	0	0	0	83
osFTL3(RFT1)	gene	2	8	7	42
osFTL4	flank	0	0	0	46
osFTL4	gene	0	0	0	46
osFTL5	flank	0	0	0	37
osFTL5	gene	1	0	0	2
osFTL6	flank	0	0	0	21
osFTL6	gene	0	2	3	23
osFTL7	flank	0	0	0	162
osFTL7	gene	0	4	8	58
osFTL8	flank	0	0	0	101
osFTL8	gene	0	3	0	45
osFTL9	flank	0	0	0	71
osFTL9	gene	1	4	1	37
